fname,label,Acoustic_guitar,Bass_drum,Cello,Clarinet,Double_bass,Flute,Hi-hat,Saxophone,Snare_drum,Violin_or_fiddle,y_pred
5388d14d.wav,Saxophone,0.0001688218180788681,0.014374317601323128,0.003328704973682761,0.0002465885190758854,0.0009045885526575148,0.012349054217338562,2.3893512661743443e-06,0.9617266654968262,1.7463120457250625e-05,0.0068813953548669815,Saxophone
c685f05f.wav,Saxophone,0.04949522390961647,0.07195590436458588,0.048921313136816025,0.04343292489647865,0.03495928272604942,0.006352198775857687,0.19902271032333374,0.46824750304222107,0.007618157658725977,0.06999478489160538,Saxophone
36d20ab5.wav,Saxophone,5.8951885876012966e-05,7.676375389564782e-05,0.00027562890318222344,0.00020595650130417198,0.0021167981904000044,0.0004970337031409144,1.662763679632917e-06,0.9960885047912598,0.000567113806027919,0.00011166849435539916,Saxophone
d6665734.wav,Saxophone,0.0034044350031763315,0.00021698945784009993,0.01521377544850111,0.0006337188533507288,0.017400560900568962,0.003202055348083377,4.0803541196510196e-05,0.9313806295394897,0.0051519605331122875,0.023355253040790558,Saxophone
7352e28f.wav,Saxophone,4.614249974110862e-06,6.762445714514342e-09,0.0015949856024235487,1.838087797523258e-07,0.0007505074026994407,0.556527316570282,0.00014917812950443476,0.005644528195261955,1.3252432040644635e-07,0.43532848358154297,Flute
8fa096bf.wav,Saxophone,0.06090683490037918,0.031175587326288223,0.04498111829161644,0.004775563720613718,0.05830719694495201,0.16253140568733215,2.0673198378062807e-05,0.44649016857147217,0.026984786614775658,0.16382652521133423,Saxophone
2f9c5f62.wav,Saxophone,2.8724500225507654e-05,1.839400442873204e-15,9.7583452429717e-08,8.83211487234803e-06,2.525949582832254e-07,2.927804416685831e-06,7.504984657282117e-15,0.9785290956497192,0.020832976326346397,0.0005972192739136517,Saxophone
9cd05a2b.wav,Saxophone,0.007807633373886347,1.2228264267832856e-07,0.033298831433057785,0.0025907389353960752,0.02392360009253025,0.01864713989198208,4.790774255525321e-06,0.847633957862854,0.0004479882773011923,0.06564527004957199,Saxophone
ab465bf9.wav,Saxophone,5.580688957707025e-05,5.011201231752693e-09,5.767938637291081e-05,1.3493919936991006e-07,0.00022820901358500123,0.9934706091880798,6.5444161201355655e-09,0.006171211134642363,7.112277700116465e-08,1.607363810762763e-05,Flute
c40632d7.wav,Saxophone,0.0015818409156054258,0.0023543774150311947,0.06578384339809418,0.054477792233228683,0.015100219286978245,0.25491148233413696,0.00013903521175961941,0.23340539634227753,0.0606355182826519,0.31161046028137207,Violin_or_fiddle
3a80061f.wav,Saxophone,0.009111356921494007,0.0007228961330838501,0.0049605765379965305,0.0003010658547282219,0.002612699056044221,0.016065280884504318,5.6125063565559685e-05,0.9550867080688477,0.0017021404346451163,0.009381124749779701,Saxophone
dba6817d.wav,Saxophone,0.04789819195866585,0.0006466645863838494,0.6962661147117615,0.02811385691165924,0.10121315717697144,0.024426961317658424,0.00010579849185887724,0.06225788965821266,0.027311507612466812,0.011759869754314423,Cello
25f26095.wav,Saxophone,0.0032249856740236282,0.0001885862584458664,0.003055727342143655,7.748366624582559e-05,0.0001104305119952187,0.0010308139026165009,6.49187995804823e-07,0.9826156497001648,2.1206609744695015e-05,0.009674380533397198,Saxophone
37cebbd4.wav,Saxophone,5.9755657275673e-06,7.85495446464779e-10,3.530180765665136e-05,1.3183304758968006e-07,0.0004379664023872465,0.014854184351861477,3.592155906062544e-08,0.984496533870697,1.1122438081656583e-08,0.00017002610547933728,Saxophone
f8d96888.wav,Saxophone,0.104778952896595,0.0015958965523168445,0.07792828977108002,0.001007967395707965,0.004673930816352367,0.011393856257200241,1.7255586499231867e-05,0.7655543684959412,0.01629837602376938,0.016750968992710114,Saxophone
d94c94f0.wav,Saxophone,0.3021544814109802,0.0006261952221393585,0.0560339018702507,0.13977034389972687,0.09620921313762665,0.0011779273627325892,3.413219474168727e-06,0.3087432086467743,0.00017278117593377829,0.0951085016131401,Saxophone
ec6afeb6.wav,Saxophone,0.0005246829241514206,3.8541045355167114e-11,0.0002438781812088564,4.155199633260054e-07,0.04850012809038162,0.9423735737800598,1.8086127040461975e-09,0.008271119557321072,4.326172131641215e-08,8.605197945144027e-05,Flute
5f0dc8e4.wav,Saxophone,0.19762460887432098,1.9657408703186927e-14,2.274169855809305e-05,0.002666157204657793,0.009255552664399147,0.008345011621713638,9.977807773056875e-16,0.08291354775428772,0.5065827965736389,0.19258961081504822,Snare_drum
b8c0a88a.wav,Saxophone,0.10558236390352249,2.3876702471170574e-05,0.3224104940891266,0.044030651450157166,3.358547473908402e-05,0.217874214053154,2.1986083993397187e-06,0.30960649251937866,0.00023173264344222844,0.00020445564587134868,Cello
96dad435.wav,Saxophone,0.385581374168396,8.520137373402292e-11,0.0001013307846733369,0.0007955955807119608,0.43991154432296753,0.1593809425830841,2.356969375227891e-08,0.002630386734381318,0.005186459049582481,0.006412227172404528,Double_bass
b120dc90.wav,Saxophone,0.0013686766615137458,0.0012778670061379671,0.3628968596458435,0.004563765600323677,0.028721049427986145,0.021336259320378304,5.360416707844706e-06,0.4794597625732422,0.0027459911070764065,0.09762445092201233,Saxophone
c1948f24.wav,Saxophone,3.545640720403753e-05,9.433397396563237e-10,0.0013139034854248166,0.0002975357056129724,0.0030485098250210285,0.9587399363517761,1.8083719623973593e-05,0.035416994243860245,4.6704039391443075e-07,0.0011292017297819257,Flute
ac097834.wav,Saxophone,0.08567055314779282,0.0011403638636693358,0.6303161382675171,0.16957271099090576,0.010673739947378635,0.05213931202888489,0.0019437052542343736,0.014164525084197521,1.4669054507976398e-05,0.03436436876654625,Cello
4345851e.wav,Saxophone,0.005341302137821913,0.0010528697166591883,0.024040406569838524,0.0003526223008520901,0.0029192136134952307,0.0009159974870271981,7.946574442030396e-06,0.9635381698608398,0.0007628741441294551,0.001068603596650064,Saxophone
5d4f8187.wav,Saxophone,0.00037390022771432996,0.0008971205679699779,0.02431515045464039,0.02211647853255272,0.04973972216248512,0.0032154766377061605,0.001872994122095406,0.8141052722930908,0.04493860527873039,0.03842536360025406,Saxophone
b83049f4.wav,Saxophone,0.0921403244137764,0.029962124302983284,0.14249727129936218,0.0003605309466365725,0.07236406207084656,0.011435332708060741,0.0001469737762818113,0.19154535233974457,3.7119050830369815e-05,0.4595109522342682,Violin_or_fiddle
c1c3c8b9.wav,Saxophone,0.24960115551948547,9.69668079164876e-09,0.00012925056216772646,0.003034178400412202,0.35684168338775635,0.20278771221637726,2.602330937406805e-07,0.18405936658382416,1.1686389370879624e-05,0.0035349733661860228,Double_bass
78a86075.wav,Saxophone,0.09579421579837799,0.00046620381181128323,0.11976975202560425,0.01864304579794407,0.05555277690291405,0.028984403237700462,0.00035089789889752865,0.6028404235839844,2.3706066713202745e-05,0.07757462561130524,Saxophone
f0d315bc.wav,Saxophone,0.25791114568710327,2.1471896616276354e-05,0.021277572959661484,0.005506373010575771,0.02626769058406353,0.034329794347286224,1.7250573364435695e-05,0.3438134491443634,0.01600099913775921,0.29485416412353516,Saxophone
9c0838c1.wav,Saxophone,0.039452262222766876,0.00027826387668028474,0.12835560739040375,0.018506133928894997,0.07825252413749695,0.036939721554517746,0.00015092240937519819,0.6522874236106873,0.024678844958543777,0.02109820581972599,Saxophone
d6144e01.wav,Violin_or_fiddle,0.00020078620582353324,1.089872525561475e-09,4.632991840480827e-05,0.0575806200504303,1.0591516286240221e-07,0.121800497174263,0.00015627086395397782,0.14119872450828552,0.6322935819625854,0.046723030507564545,Snare_drum
cfb9c5fd.wav,Violin_or_fiddle,0.06859424710273743,0.03411650285124779,0.3072260618209839,0.2284407764673233,0.005713616032153368,0.0031266617588698864,0.010744527913630009,0.20228442549705505,0.006231365259736776,0.13352178037166595,Cello
c6865306.wav,Violin_or_fiddle,0.040341008454561234,0.00015102780889719725,0.409466415643692,0.012022419832646847,0.002709652530029416,0.08981509506702423,0.004372179042547941,0.20250995457172394,0.003151398617774248,0.23546098172664642,Cello
642aba58.wav,Violin_or_fiddle,0.5267217755317688,1.4313534393295413e-06,0.02925824746489525,0.0007569592562504113,0.028650840744376183,0.0005304795340634882,1.602122574695386e-05,0.1988600343465805,0.00013294357631821185,0.21507130563259125,Acoustic_guitar
848faca3.wav,Violin_or_fiddle,3.665246185846627e-05,0.003858126699924469,0.0033215342555195093,0.008668271824717522,0.0007932501612231135,0.007381207775324583,1.575661008246243e-05,0.12223146855831146,0.12443790584802628,0.7292558550834656,Violin_or_fiddle
7eb9dac0.wav,Violin_or_fiddle,0.013566113077104092,0.014123574830591679,0.007636597845703363,0.027773426845669746,0.0016590580344200134,0.03356033191084862,0.029429569840431213,0.030295953154563904,0.7373765707015991,0.104578897356987,Snare_drum
8d7d7dba.wav,Violin_or_fiddle,0.002498024143278599,0.004038888495415449,0.04524194821715355,0.01680472306907177,0.0035509122535586357,0.0213741734623909,0.0002705017977859825,0.06281610578298569,0.006834987085312605,0.8365697264671326,Violin_or_fiddle
2424ad60.wav,Violin_or_fiddle,0.00010020506306318566,0.005891774315387011,0.005135468672960997,0.00045989875798113644,0.0017551422351971269,0.0004602342960424721,2.6535126380622387e-05,0.0006310156895779073,2.602160975584411e-06,0.9855371117591858,Violin_or_fiddle
ba648ac1.wav,Violin_or_fiddle,0.09812548011541367,0.002694865223020315,0.01557465922087431,0.007608104031533003,0.010361365042626858,0.00687451334670186,6.338812454487197e-06,0.0985322967171669,0.15919628739356995,0.6010261178016663,Violin_or_fiddle
2e4a9850.wav,Violin_or_fiddle,6.082645427341049e-07,2.4977223414546224e-11,0.0033289019484072924,2.2125401510919573e-10,1.1216447326489742e-08,0.00017183688760269433,2.971640071791626e-07,0.00027726436383090913,7.242352148750797e-05,0.9961486458778381,Violin_or_fiddle
2cc8683d.wav,Violin_or_fiddle,0.012187869288027287,0.006266922689974308,0.009006150998175144,0.004355215467512608,0.0014590820064768195,0.006959252059459686,9.62464400799945e-05,0.005657626315951347,0.0008830808801576495,0.9531285762786865,Violin_or_fiddle
7b6a119e.wav,Violin_or_fiddle,0.05969813093543053,3.774154766489346e-09,0.0005577868432737887,0.23120760917663574,4.671255049437661e-10,0.6358287930488586,0.06328406929969788,0.008749198168516159,0.0006739000091329217,5.507678793037485e-07,Flute
68589f79.wav,Violin_or_fiddle,0.05377583205699921,0.022129926830530167,0.011709723621606827,0.009621678851544857,0.006756763905286789,0.01585416868329048,5.8822247410716955e-06,0.01582813635468483,0.71108478307724,0.153233140707016,Snare_drum
fec00143.wav,Violin_or_fiddle,1.6278871044050902e-05,2.8482096240622923e-05,0.0012905729236081243,0.0020479729864746332,1.6731970390537754e-05,0.9695188999176025,2.3167062863649335e-06,0.00039646279765293,0.0019454746507108212,0.024736875668168068,Flute
1b24c166.wav,Violin_or_fiddle,0.004923367872834206,0.040664058178663254,0.054664164781570435,0.014555418863892555,0.004928503185510635,0.006992782466113567,5.3728588682133704e-05,0.012680210173130035,0.00010653024219209328,0.8604312539100647,Violin_or_fiddle
6eb59008.wav,Violin_or_fiddle,0.0004209053877275437,2.2626113604928833e-07,0.001077553490176797,0.018676748499274254,6.170760570967104e-06,0.4764520823955536,0.031431201845407486,0.0035574750509113073,0.06443694978952408,0.40394070744514465,Flute
0e7cd4eb.wav,Violin_or_fiddle,0.02259133942425251,0.0014575720997527242,0.01485445536673069,0.009756451472640038,0.0036882611457258463,7.895824091974646e-05,9.306920401286334e-05,0.0017237275606021285,0.00042193426634185016,0.9453344345092773,Violin_or_fiddle
56e79c6f.wav,Violin_or_fiddle,0.0023479247465729713,2.316080438546919e-09,0.2641669511795044,0.00048329035053029656,0.00010616926738293841,0.2537635266780853,0.20689749717712402,0.1131834089756012,0.0062037138268351555,0.1528475135564804,Cello
cdc5fe8e.wav,Violin_or_fiddle,0.1774480789899826,8.072128565572712e-08,0.0320291705429554,0.00013120791118126363,0.19069786369800568,0.3516712784767151,0.001225981512106955,0.09676409512758255,0.001837595016695559,0.14819464087486267,Flute
b38409bb.wav,Violin_or_fiddle,0.0001496102340752259,1.1616104128933658e-13,5.8214554883306846e-05,2.388047448675934e-07,5.352685850112948e-09,0.00016187636356335133,2.5473632092598564e-09,1.1687971891660709e-05,0.0010533040622249246,0.9985650777816772,Violin_or_fiddle
c8c117dc.wav,Violin_or_fiddle,0.10193517804145813,0.007163056172430515,0.22735103964805603,0.000882377615198493,0.004552816040813923,0.017633067443966866,2.925537592091132e-05,0.21599246561527252,0.002902225824072957,0.42155855894088745,Violin_or_fiddle
b73c3595.wav,Violin_or_fiddle,0.00022380011796485633,1.9284880983794217e-11,0.008535251952707767,0.003551669418811798,2.5000568726341044e-08,0.3436734080314636,4.71065504825674e-05,8.62470333231613e-05,0.5440176725387573,0.09986469894647598,Snare_drum
d84c8c43.wav,Violin_or_fiddle,0.00016376956773456186,0.014109356328845024,0.006760810036212206,0.005244641564786434,0.003831477602943778,0.0019289044430479407,1.1356779396010097e-05,0.003185354871675372,0.0025175954215228558,0.9622467756271362,Violin_or_fiddle
d914225a.wav,Violin_or_fiddle,0.339241087436676,6.860795838292688e-05,0.10590121895074844,1.4323212553790654e-06,0.005216873250901699,8.316481398651376e-05,6.857321750430856e-06,0.37561875581741333,5.290774538480036e-07,0.17386144399642944,Saxophone
1148986e.wav,Violin_or_fiddle,0.197553351521492,1.398355351511782e-07,0.00223986036144197,6.366188927131589e-07,0.001779016456566751,6.053111428627744e-05,6.745551672793226e-07,0.053246621042490005,0.000636045471765101,0.7444830536842346,Violin_or_fiddle
e3f479f3.wav,Violin_or_fiddle,0.007520515937358141,2.4663819203851745e-05,0.2520337998867035,0.00010245563316857442,3.165021917084232e-05,0.23356544971466064,0.1024814024567604,0.18169741332530975,0.028319288045167923,0.19422341883182526,Cello
aab28420.wav,Violin_or_fiddle,0.0001366450305795297,0.022533457726240158,0.0029325594659894705,0.009300854988396168,0.006415241397917271,0.0049013402312994,2.103715087287128e-05,0.4360959231853485,0.0029271743260324,0.5147358179092407,Violin_or_fiddle
21346775.wav,Violin_or_fiddle,0.0008380196522921324,0.018305214121937752,0.017263388261198997,0.002756282687187195,0.003059562761336565,0.001464972854591906,3.4974270874954527e-06,0.004752298351377249,0.0007391712861135602,0.9508175253868103,Violin_or_fiddle
cdeece57.wav,Violin_or_fiddle,0.050261545926332474,0.0007671270286664367,0.3545704782009125,0.00038577779196202755,0.002051461488008499,0.005605153273791075,7.388503581751138e-05,0.0771804228425026,3.144053334835917e-05,0.5090727210044861,Violin_or_fiddle
c9fb642d.wav,Violin_or_fiddle,0.23587296903133392,0.021403782069683075,0.047196924686431885,0.033836182206869125,0.014231492765247822,0.006943874526768923,1.0332321835448965e-05,0.06572064757347107,0.007624451536685228,0.5671592950820923,Violin_or_fiddle
078f7ac0.wav,Hi-hat,1.2916781533256483e-10,4.845136322646475e-17,3.708562568149887e-09,7.588788264456525e-08,4.564961977368639e-17,7.523751992266625e-05,0.9999238848686218,2.402960141978383e-08,7.562271093775053e-07,5.7549343762675065e-11,Hi-hat
e897db78.wav,Hi-hat,8.928179973111128e-09,2.0235042821566997e-14,2.7691218762448955e-10,9.012106261252484e-08,5.40603637871125e-16,3.855802333418978e-06,0.9999943375587463,1.471900934468806e-10,1.730184635562182e-06,7.582647183757008e-12,Hi-hat
b31ed1fb.wav,Hi-hat,0.010147394612431526,3.133596437887576e-10,0.05228181555867195,0.012128755450248718,3.2529345617149374e-07,0.3841416537761688,0.3474372327327728,0.0001555227063363418,0.14123021066188812,0.05247709900140762,Flute
06c48eab.wav,Hi-hat,2.4356097583222436e-06,1.6095404120619605e-08,0.005984623916447163,0.0013786691706627607,5.413271608745163e-09,4.2895371734630316e-05,0.9925873875617981,1.0456329846419976e-06,1.4633382079409785e-06,1.4663586398455664e-06,Hi-hat
2503aaa1.wav,Hi-hat,4.065675313774664e-12,6.130286182788646e-15,3.031883077930786e-10,8.731215217494537e-08,3.1198811133029743e-15,1.1996053217444569e-05,0.9999869465827942,9.094749771065835e-07,1.998658660795627e-08,1.0417416061725415e-11,Hi-hat
3d3439f1.wav,Hi-hat,3.8481599062833993e-07,2.4294592640400738e-15,1.2987179040524488e-11,9.541740730867332e-10,7.327537766398123e-17,1.2628198930997314e-07,0.9999769330024719,7.2278238082146284e-12,2.2611944586969912e-05,6.891495295431593e-13,Hi-hat
34a90030.wav,Hi-hat,1.5579381118513425e-09,1.8375312529168505e-15,3.6987397589172133e-09,5.8179974615768515e-08,5.075206352988504e-17,5.305460945237428e-05,0.9999467730522156,2.1399046090664342e-08,4.6369355577446925e-10,1.4018917138258757e-09,Hi-hat
da4b0379.wav,Hi-hat,2.202716586907627e-08,8.787102854157167e-16,5.0386838798544e-12,7.958769754345951e-10,1.0010433893998334e-17,1.9128142980662233e-07,0.9999994039535522,6.982627583779211e-12,3.2808412697704625e-07,1.0269839666177116e-11,Hi-hat
a090c45a.wav,Hi-hat,3.466088926984412e-08,3.110036317019449e-12,9.076642215610775e-11,4.147484844452265e-07,1.2261170370838053e-15,3.6319333958090283e-06,0.9849899411201477,5.6934403858122096e-09,0.01500589121133089,8.588658256813986e-11,Hi-hat
41897c32.wav,Hi-hat,1.65640412888024e-05,2.99941987913499e-10,1.0655325510811053e-08,0.004949576687067747,4.939638108270028e-13,0.012877932749688625,0.9525916576385498,0.00916115753352642,0.020403103902935982,9.425644292848645e-11,Hi-hat
2032be87.wav,Hi-hat,5.446250221641247e-12,1.8729810905368803e-17,4.4274825472534474e-10,1.5705583678027324e-07,5.3010418803387514e-17,6.36722324998118e-06,0.9999924898147583,9.904107400870998e-07,2.9574396265275027e-08,4.061308234160066e-11,Hi-hat
73677128.wav,Hi-hat,6.1640081060188034e-12,1.2137402280544724e-17,5.118123286296239e-11,2.4737579096267837e-08,4.637542113036492e-17,2.5738636395544745e-05,0.9999740719795227,6.76141809208275e-08,1.6542749392556289e-07,1.3737611308933806e-12,Hi-hat
c53a217e.wav,Hi-hat,9.41924108155412e-11,2.8068236652284157e-16,8.694835074152252e-09,1.7035760890848906e-07,4.981580757303832e-17,0.00027401879196986556,0.9997245669364929,1.1328722848702455e-06,1.5321399260415092e-08,4.2014999118711316e-11,Hi-hat
f0dfe343.wav,Hi-hat,4.93696403203181e-12,6.188022357223443e-19,2.88583123619901e-05,2.3320727393638663e-07,4.624959240081682e-16,0.020442215725779533,0.9747939705848694,0.004732964094728231,7.814040081655094e-09,1.7942863905773265e-06,Hi-hat
0ed06544.wav,Hi-hat,1.7355063566815154e-11,7.748389394963872e-17,1.1575382874440265e-09,1.5374737927231763e-08,6.923331741452962e-18,5.1618404540931806e-05,0.9999481439590454,3.204391703093279e-07,3.4906946222434954e-09,5.679936382341211e-11,Hi-hat
99c96a07.wav,Hi-hat,9.726905773277394e-06,5.725994678407176e-10,6.75857734222518e-08,0.00012201972276670858,2.374206109490018e-10,7.323327281483216e-06,0.40686067938804626,5.4349765576944264e-08,0.5930001139640808,5.196612917757193e-09,Snare_drum
3a3d0279.wav,Hi-hat,5.415616328718897e-07,2.6878025087724577e-13,4.399379818775806e-11,2.566228829437023e-07,1.3101787043516902e-15,6.056123993403162e-07,0.9998590350151062,9.26134990919536e-09,0.0001396095467498526,1.6551463324909754e-11,Hi-hat
612702c3.wav,Hi-hat,2.756169351414428e-06,2.745937454672119e-15,0.022907184436917305,0.009675213135778904,9.336178531660355e-12,0.25168576836586,0.7156590223312378,6.726508581778035e-05,2.655340040291776e-06,9.221348129528906e-10,Hi-hat
d6854eb4.wav,Hi-hat,0.0016808405052870512,0.005247493274509907,0.01787378080189228,0.0071969530545175076,0.0008399802027270198,0.22356654703617096,0.057712629437446594,0.027742726728320122,0.6264736652374268,0.031665410846471786,Snare_drum
52300f9b.wav,Hi-hat,5.69881728612609e-12,1.4675903543573637e-15,2.727863934737229e-09,3.890036026632515e-08,4.268617161014065e-18,3.8677386328345165e-05,0.9999610185623169,3.796465719574371e-08,3.514482216360193e-07,1.5609751713441256e-08,Hi-hat
09a1cfd7.wav,Hi-hat,9.924540300687568e-09,7.140400683919301e-12,4.4643333474425617e-10,3.686787385959178e-05,1.237378022480196e-16,1.9418673673499143e-06,0.9999451637268066,1.0498711162654217e-06,1.4991735042713117e-05,1.0992848853419446e-09,Hi-hat
3aafb6ad.wav,Hi-hat,1.65858420331233e-08,3.7608569414260273e-07,2.639511933466565e-07,0.0038510162848979235,4.0913467058700803e-10,0.002520444104447961,0.9900376796722412,0.0033841636031866074,0.00014994990488048643,5.605121623375453e-05,Hi-hat
493c247b.wav,Hi-hat,1.0846960829535846e-10,6.429233772968501e-13,1.782282055273754e-08,1.3480279449140653e-05,2.63376234036839e-15,1.727859489619732e-05,0.9998959302902222,5.605254409601912e-05,1.549367698316928e-05,1.8739466440820252e-06,Hi-hat
5ec7ad26.wav,Hi-hat,2.9776673571291212e-08,4.6831319204521105e-12,7.1689272296282525e-09,5.948695616098121e-07,1.021361052238592e-14,0.0008225513156503439,0.9991358518600464,1.6875375763447664e-07,4.082586383447051e-05,2.8785287486954303e-09,Hi-hat
a1b369d7.wav,Hi-hat,2.2016006369085517e-06,2.2370974517293973e-10,5.4832036688878816e-09,0.0007286728359758854,2.341116124744691e-13,0.002838724758476019,0.9565868377685547,0.005788734182715416,0.03405480459332466,2.7509763564359524e-11,Hi-hat
8cd809d3.wav,Hi-hat,1.3022976418142207e-05,1.2198521289974451e-05,0.0009983278578147292,0.0325656533241272,4.617109880200587e-06,0.0001455173478461802,0.6445700526237488,0.321286678314209,0.0003392361686564982,6.480521551566198e-05,Hi-hat
aed9d22f.wav,Hi-hat,1.1569905450370399e-10,1.8563523779444003e-16,2.765324893516663e-07,3.1627806151846016e-08,3.558153747904242e-15,0.0013321801088750362,0.9986551403999329,9.861956584700238e-08,1.2318661902099848e-05,8.207940577209527e-11,Hi-hat
a7964699.wav,Hi-hat,2.6323236923531113e-08,1.2410636429649458e-07,3.3679768307592894e-08,0.006436580792069435,1.2073366612019854e-11,0.0001451003918191418,0.9803358912467957,0.01292441226541996,0.00015489982615690678,3.0856790544930845e-06,Hi-hat
da3f8050.wav,Hi-hat,5.359801491522376e-10,8.927214978533826e-13,5.216813860897673e-06,0.003542722202837467,1.1263723244045454e-12,0.05655214563012123,0.9396282434463501,0.00026099581737071276,1.6298612592891004e-07,1.0497046787349973e-05,Hi-hat
468f9c4c.wav,Hi-hat,3.533644485287368e-05,2.7676659897224454e-07,0.00036506616743281484,4.375342996354448e-06,0.01455948781222105,0.0008916594670154154,0.9764406085014343,0.0003249638248234987,0.007044277153909206,0.00033401319524273276,Hi-hat
229be2be.wav,Snare_drum,1.4736506273038685e-06,2.0430530097564903e-12,9.417632895747374e-08,2.4078607552269204e-08,4.0280859203711827e-10,6.018909459726274e-08,1.6321231669280678e-05,2.9915967481031203e-09,0.9999821186065674,1.426227885792386e-10,Snare_drum
b6cbc6a9.wav,Snare_drum,2.5085333618335426e-05,6.797888030263266e-09,6.206713351275539e-06,0.00015745684504508972,1.6271144154256234e-10,0.0006145174847915769,0.007991456426680088,0.0004627599264495075,0.9907282590866089,1.4241501048672944e-05,Snare_drum
ae7d1c37.wav,Snare_drum,0.002708771266043186,0.0017597066471353173,0.028412792831659317,0.001987302675843239,0.0019235239597037435,3.7501362385228276e-05,4.2732706788228825e-05,0.022510528564453125,0.9382648468017578,0.0023523548152297735,Snare_drum
82d4fb44.wav,Snare_drum,0.00010265126911690459,5.782310381619027e-06,0.0025332667864859104,0.0004193201311863959,0.005422572139650583,1.7626909539103508e-05,0.0001468566042603925,0.01448061317205429,0.9552170038223267,0.02165425382554531,Snare_drum
4c590f69.wav,Snare_drum,6.6900480305776e-05,4.059274942846969e-05,6.5758213168010116e-06,0.002316707745194435,0.00013864658831153065,0.005513003095984459,4.9071382818510756e-05,0.0022794371470808983,0.9895279407501221,6.111611583037302e-05,Snare_drum
1c9a423f.wav,Snare_drum,6.030648336263766e-08,4.8282240022474304e-14,1.1375175290595507e-06,2.1067380657768808e-05,1.6247990366341503e-12,0.0013546650297939777,4.068757846198423e-07,3.778139944188297e-05,0.998583197593689,1.7091242625610903e-06,Snare_drum
f0727eac.wav,Snare_drum,5.2830291679129004e-05,1.4495800826352934e-07,0.00032498195650987327,1.012601273941982e-06,2.6664432439815755e-08,0.004441479686647654,0.3925473690032959,0.008669714443385601,0.4325394630432129,0.1614229828119278,Snare_drum
31db8c5e.wav,Snare_drum,0.01307813823223114,1.974396354853525e-06,0.0012373613426461816,2.9716689823544584e-05,5.61858614673838e-05,4.759641342388932e-06,0.00011405065743019804,2.7189453248865902e-05,0.9846170544624329,0.000833624682854861,Snare_drum
b86b5a96.wav,Snare_drum,0.0006887383642606437,0.04672318324446678,0.005904107820242643,0.0004254169762134552,0.0009489987278357148,0.0008569094352424145,0.01955627091228962,0.0027286987751722336,0.9158579111099243,0.006309788208454847,Snare_drum
6fca680b.wav,Snare_drum,0.0013463117647916079,0.0004307003691792488,0.035178907215595245,0.004144845996052027,0.029773550108075142,2.7767420760937966e-05,5.512179086508695e-06,0.000573241850361228,0.9277541637420654,0.000764978292863816,Snare_drum
1bc8eae1.wav,Snare_drum,0.00029536671354435384,2.447336328259553e-06,0.0004676728858612478,7.793184340698645e-05,7.652080057596322e-06,8.653251825307962e-06,4.017243497855816e-07,1.4299724170996342e-05,0.9990522861480713,7.317042764043435e-05,Snare_drum
46b52f97.wav,Snare_drum,1.6478546172038477e-07,4.0733481041291264e-13,1.181095488078654e-08,2.0390682493598433e-06,3.6083254439933654e-11,9.336198672826868e-06,6.824035608588019e-06,1.283639107896306e-06,0.9999802708625793,1.5654991614155733e-07,Snare_drum
0c67f402.wav,Snare_drum,7.899784395704046e-05,5.592401430476457e-05,8.688805974088609e-05,0.00010180024401051924,7.717229664194747e-07,9.504040644969791e-05,4.8377255552622955e-06,0.0015006625326350331,0.997016191482544,0.0010591648751869798,Snare_drum
c8ecbbfd.wav,Snare_drum,0.0002937497920356691,5.085317025077529e-05,0.0028435515705496073,7.991199709067587e-06,0.3315669298171997,0.003547138534486294,3.3161501050926745e-05,0.05463218688964844,0.6039613485336304,0.0030630535911768675,Snare_drum
9f84ea5a.wav,Snare_drum,0.011413604021072388,1.2833622520247445e-07,0.6029172539710999,0.0009434287203475833,0.20587113499641418,5.585019971476868e-05,4.5741288534628666e-10,0.003596609691157937,2.5656895559222903e-06,0.1751994490623474,Cello
e4958adc.wav,Snare_drum,6.086743815103546e-05,0.0005907738232053816,0.005307342391461134,0.009344502352178097,0.0025402188766747713,1.769049049471505e-05,9.674743341747671e-05,0.0003054500266443938,0.9816257953643799,0.00011114875815110281,Snare_drum
5ce40b1b.wav,Snare_drum,0.0007379187736660242,0.000108069070847705,0.025280853733420372,0.0014304046053439379,0.001100147608667612,7.165021816035733e-05,1.4793151876801858e-06,0.0001017741160467267,0.9708540439605713,0.0003136704908683896,Snare_drum
9d308738.wav,Snare_drum,0.0004149625019636005,5.9146223065909e-05,0.21376371383666992,0.00015248675481416285,6.798136382712983e-06,0.016829730942845345,0.3526977002620697,0.015028304420411587,0.365485817193985,0.035561274737119675,Snare_drum
1e3391d5.wav,Snare_drum,0.0002522140566725284,0.0004776538407895714,0.003017761744558811,0.017404701560735703,6.307189323706552e-05,1.6362208725695382e-06,2.0765000954270363e-05,0.0010321164736524224,0.9776861071586609,4.391269976622425e-05,Snare_drum
ff3f21e7.wav,Snare_drum,0.0001247851614607498,1.2102074151698616e-06,0.00019023712957277894,2.9837992769898847e-05,8.405514563492034e-06,7.0824180511408485e-06,0.00012246186088304967,0.003954343963414431,0.9789483547210693,0.016613395884633064,Snare_drum
b68f10af.wav,Snare_drum,0.17802634835243225,0.01656939648091793,0.07330990582704544,0.011330223642289639,0.017794832587242126,0.0255983117967844,0.008880198933184147,0.04201428219676018,0.6080819964408875,0.01839452236890793,Snare_drum
e8e00924.wav,Snare_drum,0.0033594598062336445,6.49033563604462e-06,0.027405254542827606,5.613587563857436e-05,6.948835562070599e-06,0.001359319663606584,5.524846710613929e-05,0.2241128832101822,0.7392818927764893,0.004356262274086475,Snare_drum
22e1c02c.wav,Snare_drum,0.0004446459061000496,0.00015550224634353071,0.010070829652249813,0.0003815836098510772,0.0013222243869677186,0.0008483040146529675,0.00036767605342902243,0.001113791367970407,0.9816453456878662,0.0036500757560133934,Snare_drum
5c33d972.wav,Snare_drum,0.039878085255622864,0.024082189425826073,0.2518559396266937,0.2942325174808502,0.012692704796791077,0.006397307850420475,9.871582733467221e-05,0.013590553775429726,0.0018153960118070245,0.3553566336631775,Violin_or_fiddle
9320c55f.wav,Snare_drum,0.01180304680019617,5.550625792238861e-05,0.274577796459198,0.00013530834985431284,0.00015597602759953588,0.007880562916398048,3.865471626340877e-06,0.28622081875801086,0.12786997854709625,0.29129713773727417,Violin_or_fiddle
f1754aea.wav,Snare_drum,0.5750254988670349,8.967529720393941e-05,0.002123115351423621,0.006924404297024012,3.831598587566987e-05,0.01067220140248537,0.16226129233837128,0.0012439613929018378,0.24161995947360992,1.5286879033737932e-06,Acoustic_guitar
b218444c.wav,Snare_drum,0.07167206704616547,0.0012016037944704294,0.07316117733716965,0.027489367872476578,0.02730543725192547,0.00014911917969584465,0.00040470785461366177,0.03272018954157829,0.7259575724601746,0.03993887081742287,Snare_drum
36d06cc0.wav,Snare_drum,6.26094188191928e-05,6.261146154429298e-06,4.0958264435175806e-05,1.7862242884802981e-06,2.4852984097378794e-06,4.291811364964815e-06,3.521813778206706e-05,0.0013980285730212927,0.9981376528739929,0.00031074928119778633,Snare_drum
4c4d4797.wav,Snare_drum,0.0016825258499011397,8.94777440407779e-06,0.0008770858985371888,5.786158726550639e-05,1.642744791752193e-05,0.002003544243052602,1.7389038475812413e-05,0.00020994061196688563,0.9949291348457336,0.00019711221102625132,Snare_drum
cae0d841.wav,Snare_drum,0.0009473777026869357,3.4770317736132483e-09,0.0022805745247751474,0.0399521104991436,3.1257519594873884e-07,0.2965881824493408,5.923159551457502e-05,0.0003279605880379677,0.6598351001739502,9.099432645598426e-06,Snare_drum
17f82c05.wav,Acoustic_guitar,0.7765561938285828,0.02756342664361,0.11717557162046432,0.002455736044794321,0.05417681857943535,0.0007473647128790617,2.4175025828299113e-05,0.0010285169119015336,3.487531648715958e-05,0.020237132906913757,Acoustic_guitar
0eeaebcb.wav,Acoustic_guitar,0.9657149314880371,5.3299667342798784e-05,0.025264328345656395,0.003984750248491764,0.0003069486119784415,0.0015850430354475975,6.371777772073983e-07,0.0005166681366972625,0.0025183812249451876,5.4987944167805836e-05,Acoustic_guitar
e92bf0fa.wav,Acoustic_guitar,0.07973144948482513,0.0005042174598202109,0.05717851221561432,0.040152229368686676,0.010554352775216103,0.08040212839841843,7.484297839255305e-07,0.3521619439125061,0.0007025457452982664,0.37861186265945435,Violin_or_fiddle
10da16fb.wav,Acoustic_guitar,0.9827583432197571,3.643334522962505e-08,0.00044082343811169267,0.004192665684968233,0.0001781115133780986,0.00037208650610409677,5.221705290381351e-09,0.0003568638348951936,0.008872726932168007,0.0028284373693168163,Acoustic_guitar
a25423a8.wav,Acoustic_guitar,0.07909833639860153,0.027245819568634033,0.23429831862449646,0.008117767050862312,0.6093882918357849,0.0018077422864735126,9.866935215541162e-07,0.0038454136811196804,0.00018629936676006764,0.036011047661304474,Double_bass
16c9a838.wav,Acoustic_guitar,0.9311188459396362,4.454530966313541e-09,0.01661224663257599,0.033349938690662384,0.0007405836367979646,0.00047214870573952794,4.216779356247535e-11,0.0009726658463478088,8.52758752500904e-09,0.016733689233660698,Acoustic_guitar
70ca9c77.wav,Acoustic_guitar,0.02784605510532856,0.002478326903656125,0.3683999180793762,0.02612813003361225,0.5724782347679138,9.126558143179864e-05,1.577933517182828e-08,0.00021161514450795949,4.575280399876647e-06,0.002361804246902466,Double_bass
38216fad.wav,Acoustic_guitar,0.9143334031105042,0.0003534849965944886,0.042729075998067856,0.003553209826350212,0.0010334794642403722,0.0010515771573409438,4.497154350247001e-06,0.01927049644291401,0.0029697755817323923,0.014701162464916706,Acoustic_guitar
d8a257e5.wav,Acoustic_guitar,0.24966590106487274,0.02088109776377678,0.4030507802963257,0.007431326434016228,0.007451736368238926,0.0010563641553744674,1.8607683159643784e-05,0.18432718515396118,0.04181669279932976,0.08430029451847076,Cello
7506dcc4.wav,Acoustic_guitar,0.9678218364715576,8.466435019727214e-08,4.834035962630878e-07,0.002702118596062064,0.0023802248761057854,1.3903116951041739e-06,5.997305516786122e-12,0.0006876732222735882,3.566007762856316e-06,0.026402510702610016,Acoustic_guitar
a6728901.wav,Acoustic_guitar,0.025674769654870033,2.4784327479210333e-08,0.18210561573505402,9.59772205533227e-06,0.025143008679151535,0.6016935706138611,2.1402291167760268e-05,0.00641848798841238,1.2198717740830034e-05,0.1589212715625763,Flute
b88322f6.wav,Acoustic_guitar,0.881554126739502,0.0015218094922602177,0.028462208807468414,0.0001376544969389215,0.0018317268695682287,0.00024167346418835223,3.0272387903096387e-06,0.0858594998717308,1.1241185120525188e-06,0.00038707975181750953,Acoustic_guitar
35039ae1.wav,Acoustic_guitar,0.9848029017448425,7.050368289185371e-09,0.009765127673745155,1.0865122931136284e-05,0.0019721295684576035,0.0028862995095551014,1.939278263307642e-06,0.0001277169503737241,4.367273959360318e-06,0.0004285242175683379,Acoustic_guitar
236cbab1.wav,Acoustic_guitar,0.8194201588630676,0.020599104464054108,0.0757128894329071,0.0045471894554793835,0.06097434088587761,0.0010196097427979112,0.0055258069187402725,0.0021669850684702396,0.008573821745812893,0.001460058381780982,Acoustic_guitar
0356dec7.wav,Acoustic_guitar,0.8484434485435486,0.00016110290016513318,0.04411684721708298,0.0003133561403956264,0.0025901123881340027,0.0036351403687149286,9.475145816395525e-06,0.02151322364807129,0.01699640415608883,0.062220990657806396,Acoustic_guitar
bb1f5874.wav,Acoustic_guitar,0.0009358363458886743,0.0002413491893094033,0.18379846215248108,0.17233441770076752,0.07151968777179718,0.003133257618173957,7.095815934832217e-09,0.28266221284866333,0.01583220809698105,0.26954254508018494,Saxophone
34747922.wav,Acoustic_guitar,0.9320047497749329,1.0053712884428023e-07,0.021547498181462288,0.0004240236303303391,0.00017087765445467085,0.01929849199950695,0.014334546402096748,0.011922933161258698,5.951097136858152e-06,0.00029099066159687936,Acoustic_guitar
44fb3eeb.wav,Acoustic_guitar,0.9412051439285278,2.0656683030750855e-09,0.03212057799100876,2.7815978683065623e-05,0.00819064024835825,0.01313253678381443,1.8897301501397124e-08,0.00476038409397006,8.399596481467597e-06,0.0005546166212297976,Acoustic_guitar
367ad7b1.wav,Acoustic_guitar,0.9456700086593628,8.506442661371239e-09,0.004883438348770142,0.00029392362921498716,0.015551188960671425,0.0006683145766146481,2.6085037916345755e-06,0.007913232780992985,3.263336839154363e-05,0.024984629824757576,Acoustic_guitar
160c92d7.wav,Acoustic_guitar,0.959617018699646,4.308363088512124e-07,0.003008924424648285,0.0240684375166893,0.0002905266301240772,0.0010477782925590873,6.073900049585745e-09,0.00018591750995256007,0.008469694294035435,0.003311150474473834,Acoustic_guitar
2016d256.wav,Acoustic_guitar,0.9968608021736145,5.466958263913005e-18,5.7811221267911606e-06,0.002779462141916156,3.002777020810754e-06,0.0001604206918273121,3.527421857330639e-16,8.94394725037273e-06,5.929433427809272e-06,0.00017573736840859056,Acoustic_guitar
fc55d588.wav,Acoustic_guitar,0.03891627490520477,0.0033344982657581568,0.6108291745185852,0.2094270884990692,0.0596245601773262,0.018430577591061592,3.0524336125381524e-07,0.010050235316157341,4.378384619485587e-05,0.04934350401163101,Cello
c7846d27.wav,Acoustic_guitar,0.186503604054451,4.1366789105268253e-07,0.4106455147266388,0.0027141282334923744,2.7861246053362265e-05,0.35437530279159546,0.002342591527849436,0.032112959772348404,3.8826783566037193e-07,0.011277293786406517,Cello
55822aae.wav,Acoustic_guitar,0.905539870262146,0.0004186087753623724,0.039220429956912994,0.0023037875071167946,0.02983415685594082,0.015877369791269302,0.00034709955798462033,0.0006411965587176383,0.0035926334094256163,0.00222499156370759,Acoustic_guitar
9923ddf8.wav,Acoustic_guitar,0.018207496032118797,2.3437940824266867e-11,0.030424349009990692,0.23816853761672974,4.2276658973605663e-07,0.5584632754325867,1.300539565818326e-06,0.0004819872847292572,5.87877475481946e-05,0.15419383347034454,Flute
32dee61b.wav,Acoustic_guitar,0.7816864848136902,0.046346019953489304,0.07190588116645813,0.0038275246042758226,0.03161948546767235,0.00028183450922369957,3.1946325179887936e-05,0.0011470303870737553,6.779715477023274e-05,0.06308594346046448,Acoustic_guitar
fa4d4a92.wav,Acoustic_guitar,0.18236614763736725,6.765823491150513e-05,0.2892322540283203,0.01342209056019783,0.5116647481918335,1.0662708973541157e-06,8.916568816630388e-09,3.452093369560316e-05,2.0586742266459623e-06,0.0032094651833176613,Double_bass
8da75280.wav,Acoustic_guitar,0.020932026207447052,0.001150166499428451,0.8041186332702637,0.01166615355759859,0.1616743803024292,4.3499098865140695e-06,7.436287319251278e-08,8.318028994835913e-05,0.00019225133291911334,0.00017868638678919524,Cello
b2261238.wav,Acoustic_guitar,0.6473062634468079,0.00036467990139499307,0.10111458599567413,0.00570593262091279,0.020594503730535507,0.007286672946065664,9.851379218162037e-06,0.013676931150257587,0.1474994421005249,0.05644133687019348,Acoustic_guitar
673defaf.wav,Acoustic_guitar,0.6596102118492126,8.236251147764051e-08,0.0075796484015882015,8.657756552565843e-06,0.00010391260730102658,0.0013449337566271424,3.3673345001261623e-07,0.0032081399112939835,0.0038522451650351286,0.3242918848991394,Acoustic_guitar
e6597186.wav,Double_bass,0.10317818820476532,3.1305564334616065e-05,0.43528321385383606,0.00011417057976359501,0.4600078761577606,4.1572579334570037e-07,5.239070066664908e-09,0.0010742595186457038,7.442027936122031e-07,0.00030989389051683247,Double_bass
fcfafbc8.wav,Double_bass,0.010093026794493198,0.02252427488565445,0.20890873670578003,0.00018408395408187062,0.7582669258117676,7.352231250479235e-07,5.549087589429291e-08,1.2005760936517618e-06,2.3308388108489453e-08,2.0883697288809344e-05,Double_bass
444f9db5.wav,Double_bass,0.008366364054381847,1.3782675978291081e-06,0.0002829437726177275,1.058203224602039e-06,0.9769989252090454,0.0025592390447854996,5.55582489736306e-11,0.0020008967258036137,8.950746996561065e-05,0.009699699468910694,Double_bass
19893aa8.wav,Double_bass,0.004858952481299639,0.034588150680065155,0.029115872457623482,0.017010828480124474,0.8895390629768372,0.0030554726254194975,7.117754648788832e-06,0.0013804254122078419,2.0105841031181626e-05,0.020423945039510727,Double_bass
f042282c.wav,Double_bass,0.06515168398618698,0.06267296522855759,0.2741084396839142,0.27988219261169434,0.28171536326408386,0.004325719550251961,1.3867686902813148e-05,0.002580449217930436,0.0021347161382436752,0.027414625510573387,Double_bass
95e1d0ae.wav,Double_bass,0.043626703321933746,0.07897601276636124,0.24693672358989716,0.000613221840467304,0.6269024014472961,0.00013825406495016068,7.097506795616937e-07,0.0017725524958223104,1.4044920817468665e-06,0.0010320943547412753,Double_bass
595c191d.wav,Double_bass,0.01929519511759281,0.0033264432568103075,0.0020503727719187737,9.540403880237136e-06,0.9661394357681274,0.0018620705232024193,7.3386956955801e-07,0.0025950095150619745,0.00010489962733117864,0.004616287536919117,Double_bass
8073923c.wav,Double_bass,0.007105913944542408,5.039016832597554e-05,0.7146596908569336,0.001748196198605001,0.27636682987213135,6.899559252815379e-07,1.141196737108885e-08,1.2385292791350366e-07,3.17752746923361e-05,3.649681821116246e-05,Cello
6efbaf90.wav,Double_bass,0.06054128333926201,0.10479523241519928,0.3606642484664917,0.005412784405052662,0.4470820426940918,0.011380145326256752,0.0009020568686537445,0.008022821508347988,1.3858106285624672e-05,0.001185602624900639,Double_bass
642ad7e4.wav,Double_bass,0.2838986814022064,0.01451675035059452,0.14788100123405457,0.0002750330895651132,0.5492258071899414,3.572891000658274e-05,0.00012496174895204604,0.00047428690595552325,8.415369666181505e-05,0.00348360906355083,Double_bass
5eadbc6d.wav,Double_bass,0.23546461760997772,0.24561835825443268,0.25256532430648804,0.002842392073944211,0.17380833625793457,0.0018883488373830914,8.407955647271592e-07,0.030162401497364044,1.4440161976381205e-05,0.057634975761175156,Cello
1a7d3f2d.wav,Double_bass,0.08298075199127197,0.002283515175804496,0.23787172138690948,2.973508890136145e-05,0.6755878329277039,8.592823178332765e-06,9.821165747325722e-08,1.729799623717554e-05,3.8573157326027285e-06,0.0012166036758571863,Double_bass
13da16ae.wav,Double_bass,0.0006225186516530812,0.006619362626224756,0.007314638234674931,2.1545589333982207e-05,0.9852136969566345,8.310587872983888e-06,4.804519448953215e-08,5.344506917026592e-06,1.5900528183010465e-07,0.00019431146210990846,Double_bass
103f29e5.wav,Double_bass,0.0009381237323395908,6.058815415599383e-06,1.6269068510155194e-05,9.85573365142045e-07,0.9966487884521484,0.001089599565602839,4.425909985728005e-11,8.876886568032205e-05,1.5694213288952596e-06,0.0012097895378246903,Double_bass
da8ea649.wav,Double_bass,0.009755370207130909,0.11634223908185959,0.11281878501176834,0.0005889395833946764,0.7600868940353394,3.4351915019215085e-06,1.2583635111695912e-07,2.625231218189583e-06,3.668730386152674e-08,0.0004015072772745043,Double_bass
ca348cbb.wav,Double_bass,0.0005530126509256661,0.0010821438627317548,0.24993106722831726,8.431812830167473e-07,0.7484325170516968,6.883849579253365e-08,1.5130473540736489e-09,2.6351454351924986e-08,1.6152172654937402e-10,4.0179173765864107e-07,Double_bass
8ce2e863.wav,Double_bass,0.002598059130832553,0.40518251061439514,0.10964657366275787,0.00027489892090670764,0.4797089397907257,0.002002235734835267,9.86692384685739e-07,7.52220512367785e-05,4.512515872079348e-08,0.0005106055759824812,Double_bass
462b676f.wav,Double_bass,0.014175491407513618,0.002493238542228937,0.002113671274855733,8.040240209084004e-05,0.9542310237884521,9.802659769775346e-05,2.05737649139337e-09,0.00015062294551171362,0.0010966837871819735,0.025560809299349785,Double_bass
b428466c.wav,Double_bass,0.711345911026001,0.055762019008398056,0.07177800685167313,0.00014232411922421306,0.15787933766841888,0.00017003707762341946,4.1822150365078414e-07,8.380178041988984e-05,4.7326184926532733e-07,0.0028377023991197348,Acoustic_guitar
4fd883bb.wav,Double_bass,0.02031325362622738,0.00016572349704802036,0.21602918207645416,6.271280290093273e-05,0.7633860111236572,2.802017604608409e-07,8.124945161114283e-09,3.7241076000782414e-08,1.121219028732412e-07,4.268470729584806e-05,Double_bass
2ac8b94f.wav,Double_bass,0.0002783660311251879,0.00018419677508063614,0.002946018474176526,7.89779642218491e-06,0.995916485786438,6.342741107800975e-05,8.869494195096195e-05,0.00020604179007932544,0.00015784734569024295,0.0001510847796453163,Double_bass
c840804f.wav,Double_bass,0.5884050726890564,0.022074418142437935,0.07635358721017838,4.273783997632563e-05,0.30517497658729553,2.570546348579228e-05,1.1183281003468437e-06,0.0001847715029725805,3.8646368238914874e-07,0.00773728359490633,Acoustic_guitar
f63f3703.wav,Double_bass,0.07248182594776154,0.03808976709842682,0.06151286140084267,2.618584767333232e-05,0.7996204495429993,1.8981088942382485e-05,8.98219809641887e-08,1.4753906725673005e-05,3.4233044061693363e-06,0.028231671079993248,Double_bass
c0ddf010.wav,Double_bass,0.15872162580490112,0.010770555585622787,0.05081571266055107,6.0020654927939177e-05,0.7525156140327454,3.086340075242333e-05,7.5376228778623044e-06,6.267296703299507e-05,1.535568299004808e-05,0.02699989825487137,Double_bass
a0cbe92e.wav,Double_bass,0.009818664751946926,0.2342035174369812,0.18398360908031464,0.0374404601752758,0.4873969256877899,0.0009512560791336,4.2349170144007076e-06,0.00022746653121430427,1.0787039173010271e-05,0.045963019132614136,Double_bass
4fb480bf.wav,Double_bass,0.007357632741332054,0.2833426296710968,0.08660160005092621,0.009154665283858776,0.5955390334129333,0.005966570228338242,1.9542001609806903e-05,0.0006525428616441786,6.298924404291029e-07,0.01136492844671011,Double_bass
9dd0141c.wav,Double_bass,0.006693580653518438,0.001395346480421722,0.03763870522379875,0.007221830077469349,0.8946806192398071,0.02854401431977749,2.087225681179916e-08,0.0015074890106916428,2.5178949726978317e-05,0.022293200716376305,Double_bass
deb87700.wav,Double_bass,0.034375742077827454,0.008840554393827915,0.12696689367294312,0.7992521524429321,0.01602288894355297,0.0034856724087148905,2.0941639377269894e-05,0.006165815982967615,1.4393447600014042e-05,0.004854936618357897,Clarinet
e0ecd1a6.wav,Double_bass,0.12076634913682938,0.0001699961576377973,0.29188019037246704,0.15077045559883118,0.43153446912765503,1.131590579461772e-06,1.250981114253591e-07,3.2121777621796355e-05,5.490013336384436e-06,0.00483972392976284,Double_bass
0286fc27.wav,Double_bass,0.011997719295322895,0.019022736698389053,0.016673458740115166,0.009977409616112709,0.9208327531814575,0.0014366870746016502,9.001400030683726e-06,0.0006682165549136698,1.3436320841719862e-05,0.01936854049563408,Double_bass
e2d993ec.wav,Cello,0.17492195963859558,0.002037095371633768,0.5012182593345642,0.05120142549276352,0.173383891582489,0.07079227268695831,0.0031659789383411407,0.019654378294944763,0.0015233063604682684,0.002101367339491844,Cello
0091fc7f.wav,Cello,0.0479985736310482,0.00627398444339633,0.8646872043609619,0.008205018006265163,0.014736803248524666,0.0033992957323789597,3.056698551517911e-05,0.02922365814447403,7.91490965639241e-05,0.02536589652299881,Cello
e55c5160.wav,Cello,0.11056093126535416,0.018516559153795242,0.09869547188282013,0.4147337079048157,0.003376604523509741,0.1520324945449829,0.00011185633775312454,0.1372462809085846,0.019672656431794167,0.04505345970392227,Clarinet
a59b5a08.wav,Cello,0.003944621421396732,0.05713270977139473,0.42261746525764465,0.007364840246737003,0.4534807801246643,0.0017564090667292476,0.0016385996714234352,0.0011380475480109453,0.00023025707923807204,0.050696227699518204,Double_bass
88500b88.wav,Cello,0.049219634383916855,0.01688072271645069,0.12746186554431915,0.026586191728711128,0.28560662269592285,0.2623025178909302,8.420508675044402e-05,0.08927470445632935,0.00014832789020147175,0.1424352526664734,Double_bass
743ae0f9.wav,Cello,0.017770402133464813,0.051871705800294876,0.5315746665000916,0.018642621114850044,0.2549009919166565,0.0027893215883523226,0.0002869201416615397,0.08700304478406906,0.00038632244104519486,0.03477400168776512,Cello
9e3bc1b6.wav,Cello,0.14604799449443817,0.0033865482546389103,0.3740462064743042,0.2930404841899872,0.04382168874144554,0.013522741384804249,6.133421379672654e-07,0.019057005643844604,0.02927825041115284,0.07779840379953384,Cello
3e2bddda.wav,Cello,0.0020552254281938076,0.0017484973650425673,0.9217479228973389,0.013683270663022995,0.0001307790953433141,0.002034106058999896,0.00016418268205597997,0.05180196836590767,1.0048355761682615e-05,0.006623927969485521,Cello
d328db67.wav,Cello,0.01708696223795414,5.6903736549429595e-05,0.8963080048561096,0.012559939175844193,0.006250543054193258,0.004341206979006529,5.321537173585966e-06,0.002258186461403966,0.0421302393078804,0.019002947956323624,Cello
7d896090.wav,Cello,0.0765322670340538,0.00770250940695405,0.25627225637435913,0.11967839300632477,0.3478103578090668,0.023636743426322937,4.365069617051631e-05,0.0953521803021431,0.025682859122753143,0.047288741916418076,Double_bass
4bff8f32.wav,Cello,0.011436493135988712,0.030648307874798775,0.8812642097473145,0.00040000490844249725,0.07573270797729492,0.0003089957172051072,6.988793302298291e-06,3.4796179534168914e-05,1.469230141992739e-07,0.00016729066555853933,Cello
5e5bca7a.wav,Cello,0.0010668758768588305,0.048522163182497025,0.6445525288581848,0.00698496401309967,0.2046653777360916,0.001740837236866355,1.111824531108141e-05,0.014825313352048397,0.0001914782915264368,0.07743953168392181,Cello
811bf309.wav,Cello,0.3795963227748871,0.001340480986982584,0.45691123604774475,0.0014838514616712928,0.015113450586795807,0.0054422952234745026,5.121823778608814e-05,0.0885569378733635,0.0031531741842627525,0.04835106059908867,Cello
5689818f.wav,Cello,0.46113163232803345,0.014049308374524117,0.16923175752162933,0.002642490901052952,0.009122570045292377,0.0074555580504238605,0.0001222293358296156,0.28439563512802124,0.000592094729654491,0.05125672370195389,Acoustic_guitar
81d9f077.wav,Cello,0.03101806901395321,0.011893383227288723,0.6828111410140991,0.03296782448887825,0.2110031545162201,0.02401610091328621,0.0049771759659051895,0.0009490204975008965,2.215871609223541e-05,0.0003418947453610599,Cello
00353774.wav,Cello,0.002095370553433895,3.141102570225485e-05,0.9541515707969666,0.0007662244024686515,0.0002844221598934382,0.011606350541114807,0.0005131337093189359,0.011731951497495174,0.000944350496865809,0.01787521317601204,Cello
6a210ffa.wav,Cello,0.036752890795469284,0.0011630106018856168,0.8070864677429199,0.0037538912147283554,0.138914093375206,0.001337756752036512,1.802613041945733e-05,0.00940109882503748,1.2540394891402684e-05,0.0015601865015923977,Cello
e97d9707.wav,Cello,0.002733877394348383,0.00047095492482185364,0.12448418885469437,0.0007662998978048563,0.08795887231826782,0.555733859539032,5.620430601993576e-05,0.07608355581760406,0.00288803456351161,0.14882411062717438,Flute
238b16a5.wav,Cello,0.009604700841009617,0.00031270849285647273,0.7321859002113342,5.014240014133975e-05,0.25728899240493774,2.8764068247255636e-06,5.3036519176430375e-08,3.863733127218438e-06,1.2699293620244134e-05,0.000538043153937906,Cello
dc5be9d7.wav,Cello,0.03772091120481491,0.019039519131183624,0.2662360370159149,0.00012424355372786522,0.6110725998878479,0.060901615768671036,1.6062920622061938e-05,0.0002458512026350945,4.4626835915551055e-06,0.004638609476387501,Double_bass
f9653de8.wav,Cello,0.026384929195046425,0.10036152601242065,0.45534953474998474,0.005064165685325861,0.37946316599845886,0.002114799339324236,9.20306847547181e-05,0.01208491250872612,8.092636562651023e-06,0.019076839089393616,Cello
31dbc5c0.wav,Cello,0.09026263654232025,0.009384213015437126,0.8426608443260193,0.0009671432198956609,0.003956812899559736,0.020766425877809525,7.145585550460964e-05,0.012230174615979195,1.9594626792240888e-05,0.019680757075548172,Cello
cbc8d551.wav,Cello,0.15996086597442627,0.03104313835501671,0.6620543003082275,0.008605063892900944,0.027794694527983665,0.014679592102766037,4.106314736418426e-05,0.07136353105306625,1.3273130207380746e-05,0.024444568902254105,Cello
195f544d.wav,Cello,0.032635271549224854,0.013966063968837261,0.8846195936203003,0.012102538719773293,0.0009400906856171787,0.010720898397266865,0.003252580529078841,0.027335945516824722,0.0005077277310192585,0.013919212855398655,Cello
22bea889.wav,Cello,0.019499870017170906,0.004940865095704794,0.8533774614334106,0.0008525531738996506,0.12020887434482574,6.057650170987472e-05,9.025578151522495e-07,9.17227407626342e-06,1.3861721527064219e-05,0.0010358580620959401,Cello
ab8e8ae3.wav,Cello,0.021754678338766098,0.0031310187187045813,0.440077006816864,0.023695463314652443,0.38330039381980896,0.009518031030893326,0.00025070185074582696,0.10698874294757843,0.0009071964304894209,0.010376774705946445,Cello
e70c41d4.wav,Cello,0.0012554069980978966,2.9160239137127064e-05,0.11220534890890121,0.005948436446487904,0.006172919645905495,0.3528856039047241,3.0706483812537044e-05,0.16910938918590546,0.025436654686927795,0.3269263803958893,Flute
125e6ccf.wav,Cello,0.0013587751891463995,0.0002171993110096082,0.977532684803009,0.005374628119170666,0.00021861302957404405,6.177809700602666e-05,2.150988620996941e-05,0.00017399228818248957,0.00044399756006896496,0.01459692232310772,Cello
2da9e12a.wav,Cello,0.017491260543465614,0.006705923471599817,0.9060109853744507,0.0005052793421782553,0.06356797367334366,0.002463162876665592,0.00011835629265988246,0.0019112459849566221,7.637675480509643e-06,0.0012181374477222562,Cello
34e4d187.wav,Cello,0.03227151185274124,0.035651348531246185,0.7957866191864014,0.004660318605601788,0.09918642789125443,0.005075611174106598,0.0001247012405656278,0.019325455650687218,5.9458012401591986e-05,0.007858495227992535,Cello
52e54bdd.wav,Bass_drum,0.008114091120660305,0.5664735436439514,0.13340991735458374,0.017784450203180313,0.20670345425605774,0.00535748852416873,1.4585630196961574e-05,0.0037805994506925344,3.1509825930697843e-05,0.058330386877059937,Bass_drum
6d21ad67.wav,Bass_drum,0.0010495015885680914,0.7877355813980103,0.05806708708405495,0.0004067429981660098,0.14822722971439362,0.0030048962216824293,0.0002772878506220877,0.000166070502018556,0.0004209649923723191,0.0006445951876230538,Bass_drum
ca3f3698.wav,Bass_drum,0.0020390506833791733,0.8599304556846619,0.0034088827669620514,4.591650940710679e-05,0.13424056768417358,1.814419374568388e-05,6.050078695807315e-07,4.930818249704316e-05,9.658198507622728e-08,0.000266978022409603,Bass_drum
aa9ae956.wav,Bass_drum,1.1365358659531921e-05,0.9872575998306274,0.0006723966798745096,0.001483896397985518,0.0099739208817482,2.9373626603046432e-05,3.4578715002453464e-08,3.509480302454904e-05,3.146121585473338e-08,0.000536356121301651,Bass_drum
0ddb4bdf.wav,Bass_drum,7.804680353729054e-05,0.9510862231254578,0.007196944206953049,0.0032616755925118923,0.036264847964048386,0.0003471606760285795,7.299361186596798e-07,6.265802949201316e-05,2.0746145423800044e-07,0.0017013831529766321,Bass_drum
921eee9d.wav,Bass_drum,0.009506837464869022,0.6522364020347595,0.028067760169506073,0.16545088589191437,0.11240160465240479,0.005912054795771837,6.738451338605955e-05,0.00016854719433467835,0.0016110461438074708,0.024577468633651733,Bass_drum
c153f347.wav,Bass_drum,0.0013830646639689803,0.7909823656082153,0.004104901105165482,4.223558062221855e-05,0.20322546362876892,1.1638845535344444e-05,2.20482363033625e-07,1.535633418825455e-05,4.4912159324894674e-08,0.00023475626949220896,Bass_drum
63e0ab2c.wav,Bass_drum,1.9412496840232052e-05,0.9834867715835571,0.0006908199866302311,0.0006223742966540158,0.014270517975091934,1.804049315978773e-05,2.2843542168970998e-08,3.005771759490017e-05,1.282191686158285e-08,0.000862066401168704,Bass_drum
88780eac.wav,Bass_drum,0.0075906794518232346,0.6629926562309265,0.024551477283239365,0.042331576347351074,0.11370906233787537,0.016669826582074165,0.006678838282823563,0.002550549805164337,0.10305202007293701,0.01987326145172119,Bass_drum
bea51ca5.wav,Bass_drum,0.09367547929286957,0.24435444176197052,0.1302565634250641,0.13944852352142334,0.3104633688926697,0.07356422394514084,0.00014081111294217408,0.0028861998580396175,5.270600740914233e-05,0.005157689563930035,Double_bass
f26131d8.wav,Bass_drum,9.01815146789886e-05,0.7584735751152039,0.0026459561195224524,0.10801293700933456,0.01699761673808098,0.00897036213427782,0.0002626502246130258,0.10346031188964844,0.00019394326955080032,0.0008925056899897754,Bass_drum
ce75b5ce.wav,Bass_drum,0.0006361568230204284,0.9512748718261719,0.00377841223962605,0.006875595077872276,0.020807748660445213,0.000387452426366508,1.194475953525398e-05,0.010516596958041191,0.00010153293987968937,0.005609645042568445,Bass_drum
565f3ee2.wav,Bass_drum,0.025378363206982613,0.6661319732666016,0.20855613052845,0.0061013647355139256,0.06604635715484619,0.009978852234780788,0.0024848394095897675,0.001172802527435124,1.9900433471775614e-05,0.014129429124295712,Bass_drum
ff11628d.wav,Bass_drum,4.337108111940324e-05,0.9710767865180969,0.0017081920523196459,0.004117979668080807,0.020432185381650925,0.00022663323034066707,4.513410090112302e-07,5.97923863097094e-05,4.7427744220840395e-07,0.0023342762142419815,Bass_drum
cdfc8967.wav,Bass_drum,0.0016830317908897996,0.567655622959137,0.12231443077325821,0.025165140628814697,0.2076011598110199,0.009082463569939137,2.6469817385077477e-05,0.002699091797694564,2.530433630454354e-05,0.06374723464250565,Bass_drum
f8a99b37.wav,Bass_drum,2.602656968520023e-05,0.9831107258796692,0.002245224080979824,0.0022251433692872524,0.011990023776888847,7.431933772750199e-05,2.984477873724245e-07,4.441526107257232e-05,2.9375547327958884e-08,0.0002838302170857787,Bass_drum
809ea09e.wav,Bass_drum,2.0676481653936207e-05,0.9860138893127441,0.0008072213968262076,0.0012509222142398357,0.010592678561806679,4.4248699850868434e-05,9.973325632017804e-08,4.9571091949474066e-05,4.8125269103138635e-08,0.0012207167455926538,Bass_drum
03fc1f96.wav,Bass_drum,0.18655340373516083,0.6362298727035522,0.060447804629802704,0.030341651290655136,0.029782479628920555,0.03814392536878586,0.00012442238221410662,0.01661326363682747,2.4984361516544595e-05,0.0017381806392222643,Bass_drum
8b6a16de.wav,Bass_drum,0.0012679236242547631,0.8390394449234009,0.0036175802815705538,3.661783193820156e-05,0.15589748322963715,1.7659929653746076e-05,4.835652021029091e-07,2.183304422942456e-05,7.014214276068742e-08,0.00010104494140250608,Bass_drum
7dda9dc2.wav,Bass_drum,0.008166319690644741,0.03321818262338638,0.29579198360443115,0.0950068011879921,0.5226103067398071,0.018479615449905396,0.00017469137674197555,0.0006479959120042622,0.0002714540751185268,0.025632616132497787,Double_bass
3a9085ca.wav,Bass_drum,0.0033201768528670073,0.8305047750473022,0.008275401778519154,0.0024759278167039156,0.02971957065165043,0.004757906775921583,7.526904664700851e-05,0.045405369251966476,0.009835449978709221,0.06563003361225128,Bass_drum
4ba2b70e.wav,Bass_drum,3.689668301376514e-05,0.9789753556251526,0.00046807725448161364,0.00048136222176253796,0.006739456206560135,0.0003211371076758951,2.943730805782252e-06,0.00911540724337101,0.0001267024636035785,0.0037326784804463387,Bass_drum
01c2f88b.wav,Bass_drum,0.00014602184819523245,0.9171934127807617,0.01610071025788784,0.0023183717858046293,0.06140350177884102,0.0023418671917170286,5.59569116376224e-06,4.264061863068491e-05,3.123943486116332e-07,0.000447610771516338,Bass_drum
ce3f3400.wav,Bass_drum,0.11439445614814758,0.6136474609375,0.14426417648792267,0.0014847361017018557,0.07738068699836731,0.0013172682374715805,1.9183940821676515e-05,0.006129867397248745,8.97718928172253e-06,0.0413532555103302,Bass_drum
6a96272b.wav,Bass_drum,2.830964876920916e-05,0.6031975150108337,0.0014659735606983304,0.00010238718095934018,0.3947710692882538,1.0899408152909018e-05,1.4945207738037425e-08,2.8996637411182746e-06,1.3310820179412985e-07,0.0004207793972454965,Bass_drum
9adffd44.wav,Bass_drum,0.009202070534229279,0.8266510367393494,0.0104927783831954,0.00014884216943755746,0.1520547866821289,3.512050170684233e-05,1.4060124158277176e-06,3.093142731813714e-05,2.499686218015995e-07,0.0013828122755512595,Bass_drum
7d11b3b4.wav,Bass_drum,0.0004565830167848617,0.8271708488464355,0.004682392813265324,6.25322136329487e-05,0.1675543487071991,1.4535522495862097e-05,4.078634106008394e-07,1.3842154658050276e-05,6.211880787532209e-08,4.451008135220036e-05,Bass_drum
bab98261.wav,Bass_drum,0.000885915185790509,0.8220719695091248,0.007353345397859812,3.99162236135453e-05,0.16950754821300507,2.033230339293368e-05,5.154363975634624e-07,2.392518763372209e-05,9.818533897032466e-08,9.65286890277639e-05,Bass_drum
c11bacda.wav,Bass_drum,0.005079091992229223,0.690043032169342,0.06446375697851181,0.007504508830606937,0.20786981284618378,0.0026704922784119844,1.9340761355124414e-05,0.0022495395969599485,2.4703090275579598e-06,0.020097924396395683,Bass_drum
9a4bfb69.wav,Bass_drum,0.001842196797952056,0.5979665517807007,0.04991579428315163,0.013522515073418617,0.31489211320877075,0.00875132530927658,7.810109673300758e-05,0.0036376011557877064,1.716209590085782e-05,0.009376583620905876,Bass_drum
18865530.wav,Flute,3.732062759809196e-05,1.5329505720362846e-10,0.00034617664641700685,1.2729200534522533e-05,0.0002820357331074774,0.9627055525779724,1.3357899888433167e-06,0.00014202669262886047,0.003734767436981201,0.03273804485797882,Flute
9f6eac9c.wav,Flute,0.0015742407413199544,1.9815981431747787e-05,0.12328160554170609,0.003723220434039831,0.016407424584031105,0.731243371963501,0.00011448333680164069,0.014237400144338608,0.011397606693208218,0.09800077974796295,Flute
07db7f16.wav,Flute,4.256017200532369e-05,0.006089356727898121,0.006029638461768627,0.04145864397287369,0.006819937378168106,0.9346065521240234,9.425815733266063e-06,0.0004145959101151675,2.411778041278012e-06,0.004526837263256311,Flute
dc6676ff.wav,Flute,0.41009876132011414,3.259524419263471e-06,0.03765638917684555,0.12057378143072128,3.6939653114131943e-07,0.38427969813346863,0.00628455588594079,0.02321375347673893,1.986718962143641e-05,0.017869502305984497,Acoustic_guitar
3eaddda8.wav,Flute,0.038991883397102356,6.0123318689875305e-05,0.044768594205379486,0.002700909972190857,0.007345646154135466,0.8194928169250488,0.00038215715903788805,0.045174553990364075,0.000764170428737998,0.04031922668218613,Flute
1b93aeba.wav,Flute,0.0017513231141492724,1.3890306006097974e-12,3.588173785828985e-05,9.174242450171732e-07,2.6195714326604502e-06,0.9792293906211853,5.169380074221408e-06,4.464025096240221e-06,0.0032730940729379654,0.015697261318564415,Flute
c683f28f.wav,Flute,0.135806605219841,2.6461764335294902e-08,0.033122919499874115,0.07256383448839188,0.001384326838888228,0.7557903528213501,1.0099830660692533e-06,0.0013254679506644607,4.232738959331073e-08,5.452492132462794e-06,Flute
55d52a69.wav,Flute,0.00016665329167153686,0.01171609852463007,0.013919182121753693,0.007355323992669582,0.002504426520317793,0.9613901972770691,0.00010192636545980349,0.0019785240292549133,9.742436304804869e-06,0.0008581033325754106,Flute
ca8653d2.wav,Flute,0.01142480131238699,1.2062707810400752e-06,0.08819763362407684,0.002458153758198023,0.03928766027092934,0.813284695148468,0.0003904907498508692,0.017848212271928787,0.0039207106456160545,0.02318638749420643,Flute
6b27a847.wav,Flute,0.00034936974407173693,1.7385140381520614e-05,0.2604008615016937,0.016950976103544235,5.959485349649185e-09,0.717536211013794,7.406963050016202e-06,0.002182846423238516,1.3511952445810493e-08,0.0025548762641847134,Flute
4bcc8a77.wav,Flute,0.011915882118046284,3.0795654026860575e-08,0.00017257838044315577,1.9718081603059545e-05,0.0018081810558214784,0.9462477564811707,1.0732505018040683e-07,0.002256372245028615,8.831841114442796e-05,0.03749099001288414,Flute
84f5b84b.wav,Flute,0.007815401069819927,3.1803451747691724e-06,0.004615727346390486,0.011155250482261181,0.018347160890698433,0.79421466588974,0.00040326942689716816,0.15706422924995422,6.0371062318154145e-06,0.006374967284500599,Flute
5d73ee6f.wav,Flute,0.02182641625404358,0.003606875892728567,0.07330881804227829,0.056426968425512314,0.003958586137741804,0.693183422088623,0.011082733049988747,0.07287397980690002,0.023452166467905045,0.04028012603521347,Flute
5d040c3b.wav,Flute,0.40152573585510254,8.666840585647151e-06,0.005992175545543432,0.00017060470418073237,0.05271473899483681,0.04932825267314911,6.37198900221847e-06,0.136813685297966,0.018917141482234,0.33452266454696655,Acoustic_guitar
6a037ddf.wav,Flute,0.0003053311083931476,0.015470918267965317,0.06952553987503052,0.018007224425673485,0.004783167038112879,0.8465803265571594,0.0013832857366651297,0.01176280528306961,3.348135805936181e-06,0.03217798098921776,Flute
35e97db3.wav,Flute,1.3119254294036153e-10,9.716118935124944e-24,1.0914602555089914e-11,7.566310772366691e-11,4.232220490278696e-20,1.0,1.7658440785725834e-18,7.616152310598381e-14,2.2219808332460685e-17,9.298393999213062e-11,Flute
d14f5df1.wav,Flute,0.07678449898958206,8.256593901023734e-06,0.05453353747725487,0.027867624536156654,0.034002337604761124,0.6792129278182983,5.033497291151434e-05,0.06971202045679092,8.797458576736972e-05,0.057740356773138046,Flute
9f522cda.wav,Flute,0.026913512498140335,7.83422215988594e-09,0.07159478962421417,0.02687026374042034,0.000229900935664773,0.6424158215522766,9.235033758159261e-06,0.17749345302581787,0.005080265924334526,0.04939274489879608,Flute
fe76c972.wav,Flute,0.040398068726062775,1.4874935914122034e-06,0.017047317698597908,0.005840568337589502,0.027921147644519806,0.8497459292411804,9.266909182770178e-05,0.03719834238290787,1.9503465864545433e-06,0.021752601489424706,Flute
562d93f5.wav,Flute,0.014122622087597847,0.0019017772283405066,0.05074187368154526,0.07594402134418488,0.0024214587174355984,0.7874671220779419,1.9192770196241327e-05,0.05386397987604141,0.000200915354071185,0.013316952623426914,Flute
fa32109e.wav,Flute,0.0076390719041228294,0.00040393785457126796,0.1265963464975357,0.04707988724112511,0.00849188957363367,0.7531306743621826,0.0008991672075353563,0.03264831751585007,0.0007981908274814487,0.02231224812567234,Flute
b4b2b68d.wav,Flute,0.06874392926692963,0.0005129424971528351,0.17395125329494476,0.07496661692857742,0.0969722718000412,0.516886830329895,0.0025705848820507526,0.03634792938828468,0.017324142158031464,0.011723470874130726,Flute
af227d6f.wav,Flute,0.03187992796301842,9.885473264148459e-05,0.09099128842353821,0.06205287203192711,0.0036381161771714687,0.6428382992744446,4.5262004277901724e-05,0.14532172679901123,0.012453560717403889,0.010680079460144043,Flute
85d6a7d2.wav,Flute,0.035825785249471664,5.2282895921962336e-05,0.0812305361032486,0.04350141063332558,0.0005553985829465091,0.6814797520637512,8.440658348263241e-06,0.10436569154262543,1.065310698322719e-05,0.052970029413700104,Flute
3707da71.wav,Flute,0.00598222715780139,2.064184627670329e-05,0.030857227742671967,0.006409802008420229,0.009410480037331581,0.859900712966919,0.019055133685469627,0.04332685470581055,0.02106141671538353,0.003975415602326393,Flute
61c914b1.wav,Flute,4.4981825340073556e-05,9.090138632927847e-07,9.287121793022379e-05,0.9781767725944519,1.3846510000803391e-06,0.01812679134309292,2.0465668271185677e-08,0.0035549390595406294,5.30347215033089e-08,1.3136659617885016e-06,Clarinet
f5e20dce.wav,Flute,0.12904319167137146,0.00011907401494681835,0.3180050551891327,0.12267939001321793,0.05887489765882492,0.13191643357276917,0.012316945940256119,0.034957025200128555,0.06169040873646736,0.13039739429950714,Cello
b0d9849d.wav,Flute,0.0034773442894220352,0.0036395597271621227,0.09645727276802063,0.06180901452898979,0.004673882853239775,0.7242997884750366,1.126393453887431e-05,0.09478148072957993,0.0004077558987773955,0.010442724451422691,Flute
6ef82473.wav,Flute,0.11500488966703415,2.7913694793824106e-05,0.11365209519863129,0.0479920394718647,0.06535714864730835,0.4888347089290619,0.020869530737400055,0.0824926495552063,0.00038409800617955625,0.06538492441177368,Flute
8986cced.wav,Flute,3.862054290948436e-05,9.618598539873346e-08,0.06741611659526825,9.177062020171434e-05,7.254581578308716e-05,0.4680119454860687,7.017907591944095e-06,0.3740657866001129,0.014471585862338543,0.07582453638315201,Flute
a64a3740.wav,Clarinet,3.6590645322576165e-06,1.0314321011867245e-12,0.0012988511007279158,0.024377120658755302,9.90155548698246e-13,0.20632457733154297,1.8134571622141493e-09,4.90066668135114e-06,3.986913299502959e-10,0.7679908871650696,Violin_or_fiddle
ad7ec8cb.wav,Clarinet,1.8106293282471597e-05,2.209336534520715e-14,2.262023917865008e-05,0.0003865410981234163,1.721197240723421e-13,0.5439845323562622,1.443420144693619e-12,3.534981374286872e-08,1.518647187170874e-11,0.45558804273605347,Flute
8ee44fb5.wav,Clarinet,0.17599092423915863,2.1241587319382332e-14,0.005448204930871725,0.04204961657524109,0.035609759390354156,0.6408669948577881,1.5726001834082126e-08,4.4008036638842896e-05,4.753743780838704e-07,0.09999006241559982,Flute
7eb959ec.wav,Clarinet,0.060042671859264374,6.739493255736306e-05,0.007879763841629028,0.8178848028182983,4.80226481158752e-05,0.09923894703388214,3.0085770958976354e-06,0.01118506584316492,0.0004447736719157547,0.003205537097528577,Clarinet
e51e1770.wav,Clarinet,0.2885936200618744,3.410951023852249e-07,0.3208514153957367,0.3047510087490082,0.031098755076527596,0.02240276150405407,0.0006912240642122924,0.0022624770645052195,0.009240101091563702,0.020108330994844437,Cello
3f7e6da8.wav,Clarinet,0.0001634269574424252,9.780634258049759e-08,0.011051722802221775,0.986629843711853,4.484034832330508e-08,9.391696949023753e-06,6.581189609278226e-06,0.0001671276259003207,0.001971777295693755,3.253098013189515e-09,Clarinet
3cbe9902.wav,Clarinet,0.0004303729219827801,0.017967594787478447,0.006769843399524689,0.9305156469345093,0.00596538046374917,0.004609411116689444,2.892811426136177e-05,0.0010843563359230757,5.658667942043394e-05,0.03257188946008682,Clarinet
9a722e53.wav,Clarinet,0.005154880229383707,4.029928300786079e-12,4.004410584457219e-06,0.9941396117210388,2.6381332673963698e-08,3.66849008059944e-07,1.38432209226326e-16,0.0006953327101655304,1.364337123277437e-07,5.715489351132419e-06,Clarinet
19105b8a.wav,Clarinet,0.0054390463046729565,0.0006372602074407041,0.0011702809715643525,0.9644212126731873,0.00023340417828876525,0.025394365191459656,6.682037110294914e-07,0.00011627428466454148,6.905280315550044e-05,0.0025185588747262955,Clarinet
1f81cc2b.wav,Clarinet,0.005338526796549559,2.267948957523913e-06,0.016247250139713287,0.9309701323509216,1.4654114011136699e-06,0.027075031772255898,5.500992301676888e-07,0.017982447519898415,0.0016589834121987224,0.0007234634831547737,Clarinet
44c5094c.wav,Clarinet,0.0004564878763630986,4.509341344771656e-09,0.0011036228388547897,0.9536135792732239,1.5841929990045855e-09,0.02845526672899723,8.891657484084992e-13,0.01636902615427971,1.446193323317857e-06,5.567926564253867e-07,Clarinet
5506629f.wav,Clarinet,0.0004113706818316132,0.0057512610219419,0.004995465278625488,0.9283926486968994,0.0028217381332069635,0.004208717029541731,5.6793258409015834e-05,0.05178624764084816,0.00013555808982346207,0.0014402744127437472,Clarinet
ddf23920.wav,Clarinet,0.003910706378519535,1.7176439023876005e-19,1.727486265146183e-09,0.9864825010299683,1.0622540268098184e-16,0.008924202993512154,1.4745996578750115e-14,0.0006824229494668543,5.5004428095584146e-11,4.432129385723016e-10,Clarinet
2e1cd085.wav,Clarinet,1.3378648588968645e-07,1.254870318767587e-09,2.6006262487499043e-05,0.9879653453826904,2.4552357444918016e-06,0.011050769127905369,1.6153675619356989e-12,5.247558760856919e-07,0.0008105108863674104,0.0001441949134459719,Clarinet
dc981a38.wav,Clarinet,0.005522206891328096,1.3924160157330334e-05,0.006610472686588764,0.6155058741569519,0.028880758211016655,0.2114763855934143,4.2861425754381344e-05,0.030834808945655823,0.009114299900829792,0.09199840575456619,Clarinet
a053797b.wav,Clarinet,0.9534279704093933,3.959954380464842e-13,0.019982557743787766,0.0005581401637755334,2.3595352104166523e-05,0.0002368783752899617,7.949053877154624e-14,0.025089876726269722,9.533238335279748e-05,0.0005857282667420805,Acoustic_guitar
f2310f0d.wav,Clarinet,0.6621065139770508,0.025484832003712654,0.07660827785730362,0.014492828398942947,0.004269768949598074,0.03082882985472679,1.9079223420703784e-05,0.09828846901655197,0.037965770810842514,0.04993540793657303,Acoustic_guitar
ce65d6b5.wav,Clarinet,0.08215770870447159,4.649449662080807e-12,0.02828802913427353,0.01352281030267477,0.012834346853196621,0.2406589239835739,1.1801182253634579e-09,0.6062206625938416,0.010617447085678577,0.00569998100399971,Saxophone
45de3233.wav,Clarinet,0.0009753779741004109,0.02584015019237995,0.01960180327296257,0.9187348484992981,0.008915353566408157,0.004524038638919592,3.463383836788125e-05,0.00198815087787807,0.005015861708670855,0.014369611628353596,Clarinet
8916ffcd.wav,Clarinet,0.13265803456306458,1.01557642295802e-08,0.000594812270719558,0.7728081941604614,0.0009264227701351047,0.06459498405456543,5.017213641073104e-12,0.026923850178718567,0.00010395012941444293,0.001389794866554439,Clarinet
e43f7db2.wav,Clarinet,0.0004102683160454035,1.748573197346559e-07,0.07533250004053116,0.22704944014549255,3.3221446427145196e-11,0.6438457369804382,3.0987695936346427e-05,0.0526435449719429,3.201026265742257e-05,0.0006553938728757203,Flute
3c66098d.wav,Clarinet,6.550514081027359e-05,1.2887062836135221e-13,0.00026608066400513053,0.9945068359375,2.4950207915333533e-13,0.005161101929843426,5.697462087620592e-15,5.397124596129288e-07,1.0500353780223281e-16,1.2658167847234836e-09,Clarinet
ad42e493.wav,Clarinet,0.9703296422958374,3.0909393444744637e-07,0.0010544807882979512,0.015756651759147644,0.0012544951168820262,2.245510222564917e-05,6.36065067283198e-09,0.005931856110692024,0.0008132104412652552,0.004837093874812126,Acoustic_guitar
740e5bb7.wav,Clarinet,0.0006598184118047357,0.014492369256913662,0.06490802019834518,0.789627194404602,0.025759052485227585,0.037808213382959366,0.0007564637926407158,0.0323084220290184,0.0007996943895705044,0.03288063034415245,Clarinet
800b401e.wav,Clarinet,0.04900586977601051,0.0028176496271044016,0.05500378832221031,0.6252461671829224,0.21285101771354675,0.049753785133361816,3.217889116058359e-06,0.00041096610948443413,8.249726306530647e-06,0.004899275489151478,Clarinet
3c713bcf.wav,Clarinet,6.645562825724483e-05,0.0012065492337569594,0.010121053084731102,0.987250030040741,0.00119386101141572,3.0674900699523278e-06,3.677410020941352e-08,8.890826575225219e-05,6.553463026648387e-05,4.3184277274122e-06,Clarinet
2fc00271.wav,Clarinet,0.0018823646241798997,1.422713467036374e-06,0.000763158721383661,0.9958289861679077,5.25741525052581e-05,1.357506789645413e-05,5.98229348724999e-07,0.0013301855651661754,1.416938516740629e-06,0.00012577068991959095,Clarinet
b0c06255.wav,Clarinet,0.07162737101316452,4.517957677308004e-06,0.0013522955123335123,0.7627592086791992,6.771838525310159e-05,0.11421209573745728,1.9291005628474522e-06,0.037049803882837296,0.0008741783676669002,0.012050851248204708,Clarinet
71c6451f.wav,Clarinet,1.6888398457481912e-09,3.157221706295843e-11,0.0005756466998718679,0.00032717734575271606,5.26553094459814e-07,0.4200167953968048,2.103978680167984e-08,0.4859147071838379,1.0429575780790401e-07,0.09316501021385193,Saxophone
5de123c3.wav,Clarinet,0.054547689855098724,2.6227206717521767e-07,5.452322511700913e-06,0.22406789660453796,0.0032834461890161037,0.533936619758606,1.3213070637618785e-09,0.04237597808241844,0.04382415488362312,0.0979585126042366,Flute
1.wav,Violin_or_fiddle,0.002604008885100484,8.634108962723985e-05,0.0017747600795701146,0.0005049271276220679,0.025181643664836884,0.0030847678426653147,7.8433113230858e-06,0.002292731311172247,7.060199550323887e-06,0.9644559621810913,Violin_or_fiddle
